trace_name,station_code,network_code,source_magnitude,source_distance_km,snr_db,true_p_arrival_sample,true_s_arrival_sample,true_s_p_diff,pred_p_arrival_sample,pred_s_arrival_sample,pred_det_peak_sample,pred_s_p_diff,p_confidence,s_confidence,det_confidence,p_error_samples,s_error_samples,p_accurate_10_samples,p_accurate_20_samples,s_accurate_10_samples,s_accurate_20_samples,p_detected,s_detected,event_detected,prediction_quality
GE.UGM..BLE_BLN_BLZ.GE.UGM.BL.gfz2010ddjw_EV,UGM,GE,4.5,33.91922904557259,15.0,1641,4359,2718,1611,4325,1728,2714,0.2419,0.0974,0.1169,30,34,False,False,False,False,True,True,True,F
GE.TNTI..BLE_BLN_BLZ.GE.TNTI.BL.gfz2009ayha_EV,TNTI,GE,4.5,37.23748063339735,15.0,1000,9659,8659,,,5920,,0.0483,0.0449,0.0757,,,False,False,False,False,False,False,True,F
GE.SOEI..BHE_BHN_BHZ.GE.SOEI.BH.gfz2012mpmh_EV,SOEI,GE,4.5,44.72003120728135,15.0,1001,4999,3998,1134,,1169,,0.1381,0.0259,0.0736,133,,False,False,False,False,True,False,True,F
GE.MNAI..BLE_BLN_BLZ.GE.MNAI.BL.gfz2009xyqn_EV,MNAI,GE,4.5,15.57057011890473,15.0,2458,3543,1085,2520,3541,2626,1021,0.3124,0.2643,0.1950,62,2,False,False,True,True,True,True,True,F
GE.LHMI..SHE_SHN_SHZ.GE.LHMI.SH.gfz2013urpd_EV,LHMI,GE,4.5,52.008621891968055,15.0,2168,3833,1665,2241,3888,2297,1647,0.2251,0.1569,0.1997,73,55,False,False,False,False,True,True,True,F
GE.PLAI..SLE_SLN_SLZ.GE.PLAI.SL.gfz2012xqdd_EV,PLAI,GE,4.5,57.85821852385746,15.0,1000,5549,4549,1000,,,,0.2470,0.0352,0.0225,0,,True,True,False,False,True,False,False,F
GE.MMRI..SHE_SHN_SHZ.GE.MMRI.SH.gfz2013hbue_EV,MMRI,GE,4.5,57.221996976814175,15.0,1167,4834,3667,1170,5058,1226,3888,0.0887,0.0723,0.1007,3,224,True,True,False,False,True,True,True,F
GE.BNDI..SHE_SHN_SHZ.GE.BNDI.SH.gfz2018qhyw_EV,BNDI,GE,4.5,26.317574357976813,15.0,2234,3767,1533,2273,3818,2376,1545,0.1034,0.1494,0.1485,39,51,False,False,False,False,True,True,True,F
GE.TNTI..BLE_BLN_BLZ.GE.TNTI.BL.gfz2009fgfn_EV,TNTI,GE,4.5,39.35333557832728,15.0,1226,4774,3548,1303,4796,1354,3493,0.3083,0.1240,0.1575,77,22,False,False,False,False,True,True,True,F
GE.MMRI..BLE_BLN_BLZ.GE.MMRI.BL.gfz2019hinv_EV,MMRI,GE,4.5,68.79822182936192,15.0,1894,4106,2212,1860,4148,1930,2288,0.2769,0.1309,0.0852,34,42,False,False,False,False,True,True,True,F
GE.FAKI..BHE_BHN_BHZ.GE.FAKI.BH.gfz2009ayxo_EV,FAKI,GE,4.5,33.74899900795282,15.0,1000,8473,7473,1000,,1156,,0.2799,0.0301,0.2192,0,,True,True,False,False,True,False,True,F
GE.SOEI..BLE_BLN_BLZ.GE.SOEI.BL.gfz2013yfql_EV,SOEI,GE,4.5,50.04571054629418,15.0,2633,3368,735,2724,3561,2764,837,0.5309,0.1063,0.4577,91,193,False,False,False,False,True,True,True,F
GE.GSI..BHE_BHN_BHZ.GE.GSI.BH.gfz2012uhbt_EV,GSI,GE,4.5,45.77483501707585,15.0,2363,3638,1275,2409,3715,2506,1306,0.2195,0.1481,0.2050,46,77,False,False,False,False,True,True,True,F
GE.LHMI..BLE_BLN_BLZ.GE.LHMI.BL.gfz2012rato_EV,LHMI,GE,4.5,25.9248620810118,15.0,2094,3906,1812,2097,3900,2122,1803,0.0948,0.0994,0.0646,3,6,True,True,True,True,True,True,True,F
GE.LUWI..HHE_HHN_HHZ.GE.LUWI.HH.gfz2009qkjn_EV,LUWI,GE,4.5,51.96607782045004,15.0,1983,4018,2035,1989,4009,,2020,0.2003,0.0765,0.0275,6,9,True,True,True,True,True,True,False,F
GE.PLAI..SHE_SHN_SHZ.GE.PLAI.SH.gfz2024yqam_EV,PLAI,GE,4.5,53.81781564730986,15.0,1052,4948,3896,1001,4919,1098,3918,0.1764,0.0778,0.0974,51,29,False,False,False,False,True,True,True,F
GE.GSI..BLE_BLN_BLZ.GE.GSI.BL.gfz2021kfyy_EV,GSI,GE,4.5,63.8870993345762,15.0,1767,4233,2466,1750,4294,,2544,0.1915,0.0825,0.0419,17,61,False,True,False,False,True,True,False,F
GE.MMRI..SHE_SHN_SHZ.GE.MMRI.SH.gfz2024wupd_EV,MMRI,GE,4.5,13.690858180947716,15.0,1000,5868,4868,995,,5946,,0.0966,0.0477,0.0929,5,,True,True,False,False,True,False,True,F
GE.PLAI..SLE_SLN_SLZ.GE.PLAI.SL.gfz2017ddhx_EV,PLAI,GE,4.5,42.72678607159517,15.0,1392,4609,3217,1432,4574,1480,3142,0.0919,0.1481,0.1490,40,35,False,False,False,False,True,True,True,F
GE.BBJI..BHE_BHN_BHZ.GE.BBJI.BH.gfz2024nomt_EV,BBJI,GE,4.5,43.87771649944002,15.0,1582,4419,2837,1600,4418,,2818,0.1635,0.1597,0.0472,18,1,False,True,True,True,True,True,False,F
GE.LUWI..SHE_SHN_SHZ.GE.LUWI.SH.gfz2010abbl_EV,LUWI,GE,4.5,46.28974153303667,15.0,1000,8712,7712,1000,,968,,0.2336,0.0055,0.0799,0,,True,True,False,False,True,False,True,F
GE.JAGI..SHE_SHN_SHZ.GE.JAGI.SH.gfz2012qetk_EV,JAGI,GE,4.5,41.734402272052215,15.0,2353,3647,1294,2396,3664,3462,1268,0.3888,0.2310,0.0964,43,17,False,False,False,True,True,True,True,F
GE.LUWI..BLE_BLN_BLZ.GE.LUWI.BL.gfz2010ciep_EV,LUWI,GE,4.5,55.449874716576616,15.0,2342,3658,1316,2370,3826,2401,1456,0.2376,0.1428,0.1281,28,168,False,False,False,False,True,True,True,F
GE.FAKI..BHE_BHN_BHZ.GE.FAKI.BH.gfz2012amyi_EV,FAKI,GE,4.5,41.8613187955772,15.0,1000,5986,4986,999,5965,,4966,0.2696,0.0580,0.0332,1,21,True,True,False,False,True,True,False,F
GE.BNDI..BHE_BHN_BHZ.GE.BNDI.BH.gfz2012gezz_EV,BNDI,GE,4.5,47.31889183961025,15.0,2090,3910,1820,2115,3902,2128,1787,0.1828,0.1473,0.1535,25,8,False,False,True,True,True,True,True,F
GE.JAGI..SHE_SHN_SHZ.GE.JAGI.SH.gfz2013hbue_EV,JAGI,GE,4.5,40.943557976133725,15.0,1000,8466,7466,895,,968,,0.3149,0.0072,0.0840,105,,False,False,False,False,True,False,True,F
GE.GSI..SHE_SHN_SHZ.GE.GSI.SH.gfz2015bvov_EV,GSI,GE,4.5,28.062628022689328,15.0,2558,3442,884,2595,3467,2636,872,0.3733,0.2190,0.2616,37,25,False,False,False,False,True,True,True,F
GE.SAUI..BHE_BHN_BHZ.GE.SAUI.BH.gfz2020iiaf_EV,SAUI,GE,4.5,56.92252645794419,15.0,2046,3955,1909,2136,4328,,2192,0.2067,0.0704,0.0462,90,373,False,False,False,False,True,True,False,F
GE.JAGI..BHE_BHN_BHZ.GE.JAGI.BH.gfz2017nmdx_EV,JAGI,GE,4.5,49.26806142910503,15.0,2203,3797,1594,2196,3846,2250,1650,0.1591,0.1981,0.1591,7,49,True,True,False,False,True,True,True,F
GE.FAKI..HLE_HLN_HLZ.GE.FAKI.HL.gfz2009bmox_EV,FAKI,GE,4.5,54.41451149999924,15.0,1000,9002,8002,1000,,1169,,0.1768,0.0403,0.2027,0,,True,True,False,False,True,False,True,F
GE.GSI..BHE_BHN_BHZ.GE.GSI.BH.gfz2013qpmq_EV,GSI,GE,4.5,48.150523069175,15.0,1894,4106,2212,1924,4145,1994,2221,0.1618,0.0944,0.0703,30,39,False,False,False,False,True,True,True,F
GE.SOEI..BHE_BHN_BHZ.GE.SOEI.BH.gfz2009rpju_EV,SOEI,GE,4.5,7.943366392506893,15.0,1000,10619,9619,1088,,1144,,0.2162,0.0072,0.1944,88,,False,False,False,False,True,False,True,F
GE.FAKI..BLE_BLN_BLZ.GE.FAKI.BL.gfz2009daap_EV,FAKI,GE,4.5,45.81350803013097,15.0,1000,8275,7275,1000,,,,0.2645,0.0303,0.0836,0,,True,True,False,False,True,False,False,F
GE.LUWI..HLE_HLN_HLZ.GE.LUWI.HL.gfz2009ilut_EV,LUWI,GE,4.5,66.62038297571127,15.0,1000,11427,10427,829,1176,996,347,0.1224,0.0553,0.1903,171,10251,False,False,False,False,True,True,True,F
GE.FAKI..BHE_BHN_BHZ.GE.FAKI.BH.gfz2009yode_EV,FAKI,GE,4.5,56.74046262706791,15.0,1535,4466,2931,1476,4416,1608,2940,0.3631,0.0991,0.1075,59,50,False,False,False,False,True,True,True,F
GE.FAKI..BLE_BLN_BLZ.GE.FAKI.BL.gfz2013wlbf_EV,FAKI,GE,4.5,5.167180908914015,15.0,1721,4280,2559,,,,,0.0086,0.0327,0.0738,,,False,False,False,False,False,False,False,F
GE.TNTI..HLE_HLN_HLZ.GE.TNTI.HL.gfz2009rdgk_EV,TNTI,GE,4.5,36.38780028183603,15.0,1897,4103,2206,1860,4200,1961,2340,0.3028,0.0865,0.2321,37,97,False,False,False,False,True,True,True,F
GE.MMRI..BHE_BHN_BHZ.GE.MMRI.BH.gfz2025amik_EV,MMRI,GE,4.5,50.85670481559769,15.0,1241,4760,3519,1171,,1346,,0.1305,0.0453,0.0637,70,,False,False,False,False,True,False,True,F
GE.SAUI..HHE_HHN_HHZ.GE.SAUI.HH.gfz2009tkfn_EV,SAUI,GE,4.5,41.18948010717524,15.0,1000,11707,10707,,,,,0.0289,0.0042,0.0234,,,False,False,False,False,False,False,False,F
GE.TNTI..BLE_BLN_BLZ.GE.TNTI.BL.gfz2009bmox_EV,TNTI,GE,4.5,46.75232283287869,15.0,1987,4014,2027,1990,4026,2064,2036,0.3373,0.1487,0.1663,3,12,True,True,False,True,True,True,True,F
GE.LUWI..BLE_BLN_BLZ.GE.LUWI.BL.gfz2009bjnh_EV,LUWI,GE,4.5,40.58190733819895,15.0,1000,11853,10853,1000,,,,0.2596,0.0025,0.0356,0,,True,True,False,False,True,False,False,F
GE.MMRI..BLE_BLN_BLZ.GE.MMRI.BL.gfz2012ugap_EV,MMRI,GE,4.5,63.21397341485374,15.0,1813,4187,2374,1859,4301,1866,2442,0.2452,0.1207,0.1146,46,114,False,False,False,False,True,True,True,F
GE.FAKI..BLE_BLN_BLZ.GE.FAKI.BL.gfz2009aqpt_EV,FAKI,GE,4.5,37.06461929286809,15.0,1300,4700,3400,1304,,1354,,0.4270,0.0208,0.1892,4,,True,True,False,False,True,False,True,F
GE.TNTI..BLE_BLN_BLZ.GE.TNTI.BL.gfz2009czsb_EV,TNTI,GE,4.5,46.975690346965685,15.0,1223,4778,3555,1298,5126,1352,3828,0.1736,0.1178,0.0947,75,348,False,False,False,False,True,True,True,F
GE.TNTI..SHE_SHN_SHZ.GE.TNTI.SH.gfz2012yhuy_EV,TNTI,GE,4.5,46.15148376409452,15.0,1000,5567,4567,1319,,,,0.1469,0.0264,0.0634,319,,False,False,False,False,True,False,False,F
GE.UGM..SLE_SLN_SLZ.GE.UGM.SL.gfz2014bxsc_EV,UGM,GE,4.5,65.73788108211026,15.0,2125,3876,1751,2113,3853,2126,1740,0.3702,0.1285,0.1377,12,23,False,True,False,False,True,True,True,F
GE.SOEI..SHE_SHN_SHZ.GE.SOEI.SH.gfz2013qvir_EV,SOEI,GE,4.5,12.69151829041964,15.0,1000,8059,7059,1000,,1041,,0.6418,0.0169,0.5235,0,,True,True,False,False,True,False,True,F
GE.UGM..SHE_SHN_SHZ.GE.UGM.SH.gfz2012uneo_EV,UGM,GE,4.5,59.342561674805125,15.0,1102,4899,3797,1169,4859,1226,3690,0.0903,0.0792,0.1368,67,40,False,False,False,False,True,True,True,F
GE.JAGI..BHE_BHN_BHZ.GE.JAGI.BH.gfz2024xkub_EV,JAGI,GE,4.5,38.82139961980272,15.0,2416,3585,1169,2394,3595,2493,1201,0.4041,0.2652,0.4096,22,10,False,False,True,True,True,True,True,F
GE.TOLI2..SHE_SHN_SHZ.GE.TOLI2.SH.gfz2013hjin_EV,TOLI2,GE,4.5,61.98941473031846,15.0,1000,10615,9615,1000,,1059,,0.7082,0.0145,0.6704,0,,True,True,False,False,True,False,True,F
GE.MMRI..HHE_HHN_HHZ.GE.MMRI.HH.gfz2009ilut_EV,MMRI,GE,4.5,50.43937188956113,15.0,1000,9475,8475,1000,2772,1128,1772,0.2516,0.1180,0.2232,0,6703,True,True,False,False,True,True,True,F
GE.LUWI..BLE_BLN_BLZ.GE.LUWI.BL.gfz2012wmnj_EV,LUWI,GE,4.5,23.519992661868923,15.0,2034,3967,1933,2069,4007,2120,1938,0.1369,0.1334,0.1341,35,40,False,False,False,False,True,True,True,F
GE.FAKI..HHE_HHN_HHZ.GE.FAKI.HH.gfz2009atqt_EV,FAKI,GE,4.5,42.81754524662546,15.0,1349,4652,3303,1474,4679,1482,3205,0.2315,0.0861,0.1457,125,27,False,False,False,False,True,True,True,F
GE.BKNI..SHE_SHN_SHZ.GE.BKNI.SH.gfz2022gjiw_EV,BKNI,GE,4.5,47.66910128341707,15.0,1431,4570,3139,1332,4569,1480,3237,0.2068,0.0692,0.0920,99,1,False,False,True,True,True,True,True,F
GE.TNTI..BHE_BHN_BHZ.GE.TNTI.BH.gfz2009frwm_EV,TNTI,GE,4.5,56.397006785345454,15.0,1274,4727,3453,,4710,,,0.0250,0.0576,0.0294,,17,False,False,False,True,False,True,False,F
GE.FAKI..BHE_BHN_BHZ.GE.FAKI.BH.gfz2009rpju_EV,FAKI,GE,4.5,36.05357691258339,15.0,1000,5453,4453,996,5437,,4441,0.1435,0.0592,0.0218,4,16,True,True,False,True,True,True,False,F
GE.SMRI..SHE_SHN_SHZ.GE.SMRI.SH.gfz2015vcni_EV,SMRI,GE,4.5,33.187286762143955,15.0,1872,4129,2257,1820,4064,1994,2244,0.1729,0.1041,0.1624,52,65,False,False,False,False,True,True,True,F
GE.SAUI..BLE_BLN_BLZ.GE.SAUI.BL.gfz2010kolf_EV,SAUI,GE,4.5,41.751486302586365,15.0,1749,4251,2502,1750,,,,0.2710,0.0243,0.0462,1,,True,True,False,False,True,False,False,F
GE.UGM..SHE_SHN_SHZ.GE.UGM.SH.gfz2012atnm_EV,UGM,GE,4.5,30.00571219938832,15.0,2293,3708,1415,2297,3718,2376,1421,0.1898,0.2172,0.2157,4,10,True,True,True,True,True,True,True,F
GE.PLAI..BHE_BHN_BHZ.GE.PLAI.BH.gfz2019cznc_EV,PLAI,GE,4.5,16.949733784849112,15.0,2319,3682,1363,2328,3684,2380,1356,0.1421,0.2893,0.2122,9,2,True,True,True,True,True,True,True,F
GE.TNTI..BHE_BHN_BHZ.GE.TNTI.BH.gfz2013rzij_EV,TNTI,GE,4.5,27.742363562680925,15.0,2196,3804,1608,2236,3891,2254,1655,0.2904,0.2194,0.2135,40,87,False,False,False,False,True,True,True,F
GE.SAUI..HHE_HHN_HHZ.GE.SAUI.HH.gfz2009sufe_EV,SAUI,GE,4.5,10.671159775823009,15.0,1902,4098,2196,1965,4517,,2552,0.1561,0.0645,0.0500,63,419,False,False,False,False,True,True,False,F
GE.FAKI..HLE_HLN_HLZ.GE.FAKI.HL.gfz2009bgxf_EV,FAKI,GE,4.5,7.0776112418999935,15.0,1555,4445,2890,1477,,1610,,0.1641,0.0353,0.1516,78,,False,False,False,False,True,False,True,F
GE.SAUI..SHE_SHN_SHZ.GE.SAUI.SH.gfz2021ubnw_EV,SAUI,GE,4.5,32.38826653591391,15.0,2071,3929,1858,2087,4178,2122,2091,0.2161,0.1005,0.0751,16,249,False,True,False,False,True,True,True,F
GE.TNTI..BLE_BLN_BLZ.GE.TNTI.BL.gfz2013rzij_EV,TNTI,GE,4.5,22.56736786715277,15.0,2196,3804,1608,2234,4094,2254,1860,0.2975,0.0614,0.2181,38,290,False,False,False,False,True,True,True,F
GE.UGM..SHE_SHN_SHZ.GE.UGM.SH.gfz2010fnia_EV,UGM,GE,4.5,38.03570783382763,15.0,2118,3882,1764,2134,3983,2186,1849,0.3919,0.1286,0.1681,16,101,False,True,False,False,True,True,True,F
GE.SMRI..BHE_BHN_BHZ.GE.SMRI.BH.gfz2013jvgk_EV,SMRI,GE,4.5,44.50133739773784,15.0,1000,5003,4003,1087,,,,0.0956,0.0355,0.0255,87,,False,False,False,False,True,False,False,F
GE.SMRI..BHE_BHN_BHZ.GE.SMRI.BH.gfz2009boyf_EV,SMRI,GE,4.5,57.0022061514976,15.0,1424,4577,3153,1467,,1512,,0.1687,0.0443,0.1099,43,,False,False,False,False,True,False,True,F
GE.LHMI..BLE_BLN_BLZ.GE.LHMI.BL.gfz2013urpd_EV,LHMI,GE,4.5,55.96653965427966,15.0,2168,3833,1665,2256,3904,2312,1648,0.2249,0.1496,0.2026,88,71,False,False,False,False,True,True,True,F
GE.MNAI..BHE_BHN_BHZ.GE.MNAI.BH.gfz2010atkp_EV,MNAI,GE,4.5,54.7380919622991,15.0,2407,3593,1186,2410,3451,2502,1041,0.3205,0.0814,0.1873,3,142,True,True,False,False,True,True,True,F
GE.FAKI..HHE_HHN_HHZ.GE.FAKI.HH.gfz2009dkli_EV,FAKI,GE,4.5,11.203439333351632,15.0,1000,12495,11495,999,1092,,93,0.4894,0.0568,0.0206,1,11403,True,True,False,False,True,True,False,F
GE.TNTI..HHE_HHN_HHZ.GE.TNTI.HH.gfz2009qghs_EV,TNTI,GE,4.5,63.68381201455924,15.0,1905,4096,2191,1900,,1992,,0.3224,0.0386,0.2155,5,,True,True,False,False,True,False,True,F
GE.MMRI..BHE_BHN_BHZ.GE.MMRI.BH.gfz2013fkbz_EV,MMRI,GE,4.5,55.932960916963495,15.0,1749,4252,2503,1752,4267,1856,2515,0.2241,0.1049,0.0637,3,15,True,True,False,True,True,True,True,F
GE.TNTI..BHE_BHN_BHZ.GE.TNTI.BH.gfz2010awor_EV,TNTI,GE,4.5,37.56613777003548,15.0,1000,5410,4410,1000,,,,0.1160,0.0295,0.0182,0,,True,True,False,False,True,False,False,F
GE.TNTI..HLE_HLN_HLZ.GE.TNTI.HL.gfz2009bmox_EV,TNTI,GE,4.5,12.258281625979,15.0,1987,4014,2027,1989,4035,2066,2046,0.2893,0.1772,0.1385,2,21,True,True,False,False,True,True,True,F
GE.MMRI..BHE_BHN_BHZ.GE.MMRI.BH.gfz2024wupd_EV,MMRI,GE,4.5,33.499320408736715,15.0,1000,5868,4868,1000,,,,0.1218,0.0202,0.0160,0,,True,True,False,False,True,False,False,F
GE.UGM..BHE_BHN_BHZ.GE.UGM.BH.gfz2009ptvf_EV,UGM,GE,4.5,61.53911975668601,15.0,2007,3994,1987,2026,3847,2118,1821,0.2758,0.1037,0.1971,19,147,False,True,False,False,True,True,True,F
GE.TOLI2..SHE_SHN_SHZ.GE.TOLI2.SH.gfz2012yhuy_EV,TOLI2,GE,4.5,17.219714526700034,15.0,1000,11977,10977,999,,1036,,0.5472,0.0089,0.1703,1,,True,True,False,False,True,False,True,F
GE.FAKI..BLE_BLN_BLZ.GE.FAKI.BL.gfz2009avte_EV,FAKI,GE,4.5,41.432291001216754,15.0,1000,8234,7234,1055,1157,,102,0.2538,0.1168,0.0142,55,7077,False,False,False,False,True,True,False,F
GE.LUWI..HLE_HLN_HLZ.GE.LUWI.HL.gfz2009floe_EV,LUWI,GE,4.5,24.716633450917566,15.0,1445,4556,3111,1472,4583,,3111,0.3828,0.1024,0.0471,27,27,False,False,False,False,True,True,False,F
GE.JAGI..BLE_BLN_BLZ.GE.JAGI.BL.gfz2012rjfs_EV,JAGI,GE,4.5,29.54702974653433,15.0,1527,4473,2946,1476,4539,1610,3063,0.3328,0.0596,0.1243,51,66,False,False,False,False,True,True,True,F
GE.SOEI..BHE_BHN_BHZ.GE.SOEI.BH.gfz2012heuj_EV,SOEI,GE,4.5,42.36932017278881,15.0,1000,9064,8064,1000,1300,1162,300,0.2197,0.1430,0.2132,0,7764,True,True,False,False,True,True,True,F
GE.TNTI..BHE_BHN_BHZ.GE.TNTI.BH.gfz2024qrxn_EV,TNTI,GE,4.5,37.73400563148045,15.0,2091,3910,1819,2129,3828,2182,1699,0.3185,0.1250,0.2111,38,82,False,False,False,False,True,True,True,F
GE.SANI..SHE_SHN_SHZ.GE.SANI.SH.gfz2015thvg_EV,SANI,GE,4.5,35.07034171978347,15.0,1224,4776,3552,1200,4803,1230,3603,0.1531,0.0747,0.1737,24,27,False,False,False,False,True,True,True,F
GE.TNTI..BHE_BHN_BHZ.GE.TNTI.BH.gfz2009dseu_EV,TNTI,GE,4.5,13.98229982249979,15.0,1260,4740,3480,1301,4766,1354,3465,0.2231,0.1062,0.1054,41,26,False,False,False,False,True,True,True,F
GE.LUWI..SHE_SHN_SHZ.GE.LUWI.SH.gfz2017cdvt_EV,LUWI,GE,4.5,54.28252814163785,15.0,2370,3630,1260,2373,3693,2426,1320,0.3283,0.2586,0.2371,3,63,True,True,False,False,True,True,True,F
GE.GSI..SHE_SHN_SHZ.GE.GSI.SH.gfz2010wlnb_EV,GSI,GE,4.5,20.9643198669781,15.0,1569,4431,2862,1580,4402,1608,2822,0.1614,0.1237,0.1212,11,29,False,True,False,False,True,True,True,F
GE.MNAI..BLE_BLN_BLZ.GE.MNAI.BL.gfz2013ydaj_EV,MNAI,GE,4.5,18.056955035939577,15.0,2092,3908,1816,2112,3943,2124,1831,0.2131,0.1222,0.1792,20,35,False,True,False,False,True,True,True,F
GE.GENI..SHE_SHN_SHZ.GE.GENI.SH.gfz2012nver_EV,GENI,GE,4.5,54.72941532280296,15.0,2518,3483,965,2595,3531,2634,936,0.4228,0.3096,0.2663,77,48,False,False,False,False,True,True,True,F
GE.LUWI..BHE_BHN_BHZ.GE.LUWI.BH.gfz2009bjnh_EV,LUWI,GE,4.5,39.92689885768204,15.0,1000,11853,10853,999,,1096,,0.4425,0.0121,0.1626,1,,True,True,False,False,True,False,True,F
GE.UGM..BHE_BHN_BHZ.GE.UGM.BH.gfz2016dbtc_EV,UGM,GE,4.5,46.52088374215751,15.0,1806,4194,2388,1785,4271,1858,2486,0.2356,0.0986,0.1038,21,77,False,False,False,False,True,True,True,F
GE.TOLI2..SHE_SHN_SHZ.GE.TOLI2.SH.gfz2025dlfh_EV,TOLI2,GE,4.5,43.62623408414057,15.0,1958,4042,2084,1968,4016,1994,2048,0.2392,0.1549,0.1664,10,26,True,True,False,False,True,True,True,F
GE.UGM..BHE_BHN_BHZ.GE.UGM.BH.gfz2010fnia_EV,UGM,GE,4.5,51.40038193998818,15.0,2118,3882,1764,2121,3980,2170,1859,0.2507,0.1191,0.1451,3,98,True,True,False,False,True,True,True,F
GE.TOLI2..BLE_BLN_BLZ.GE.TOLI2.BL.gfz2025bymb_EV,TOLI2,GE,4.5,25.24279532019543,15.0,2394,3607,1213,2410,3724,2504,1314,0.2616,0.1995,0.1980,16,117,False,True,False,False,True,True,True,F
GE.PLAI..BLE_BLN_BLZ.GE.PLAI.BL.gfz2012dcye_EV,PLAI,GE,4.5,51.79701448570831,15.0,2447,3553,1106,2488,3565,2552,1077,0.2569,0.3172,0.2386,41,12,False,False,False,True,True,True,True,F
GE.FAKI..HLE_HLN_HLZ.GE.FAKI.HL.gfz2009tkfn_EV,FAKI,GE,4.5,40.87205216200053,15.0,1336,4664,3328,1476,4681,1608,3205,0.3556,0.1435,0.1326,140,17,False,False,False,True,True,True,True,F
GE.SOEI..HHE_HHN_HHZ.GE.SOEI.HH.gfz2009qfbt_EV,SOEI,GE,4.5,35.5596929507706,15.0,1000,8523,7523,1000,,,,0.2194,0.0126,0.0469,0,,True,True,False,False,True,False,False,F
GE.FAKI..SHE_SHN_SHZ.GE.FAKI.SH.gfz2009zbqz_EV,FAKI,GE,4.5,71.79980182990616,15.0,1000,8099,7099,1001,,1096,,0.1827,0.0250,0.0642,1,,True,True,False,False,True,False,True,F
GE.PLAI..BLE_BLN_BLZ.GE.PLAI.BL.gfz2014ghxq_EV,PLAI,GE,4.5,55.32228820574095,15.0,1512,4488,2976,1475,4470,1610,2995,0.2435,0.0813,0.0874,37,18,False,False,False,True,True,True,True,F
GE.TOLI2..BHE_BHN_BHZ.GE.TOLI2.BH.gfz2024qmwb_EV,TOLI2,GE,4.5,44.25014991614217,15.0,1000,11311,10311,999,,1056,,0.5256,0.0080,0.1824,1,,True,True,False,False,True,False,True,F
GE.PLAI..BHE_BHN_BHZ.GE.PLAI.BH.gfz2025bckw_EV,PLAI,GE,4.5,56.12127899389234,15.0,2219,3781,1562,2198,3786,2250,1588,0.1991,0.2866,0.2011,21,5,False,False,True,True,True,True,True,F
GE.MNAI..BHE_BHN_BHZ.GE.MNAI.BH.gfz2013xmza_EV,MNAI,GE,4.5,60.34083989626164,15.0,2497,3503,1006,2519,3483,2568,964,0.4258,0.1995,0.2070,22,20,False,False,False,True,True,True,True,F
GE.MNAI..HLE_HLN_HLZ.GE.MNAI.HL.gfz2009rjtx_EV,MNAI,GE,4.5,65.42658388071632,15.0,1000,8202,7202,999,,1094,,0.3479,0.0278,0.1773,1,,True,True,False,False,True,False,True,F
GE.GSI..SHE_SHN_SHZ.GE.GSI.SH.gfz2013cxen_EV,GSI,GE,4.5,58.81773383702504,15.0,1550,4451,2901,1475,4418,1608,2943,0.3107,0.1006,0.1314,75,33,False,False,False,False,True,True,True,F
GE.UGM..BLE_BLN_BLZ.GE.UGM.BL.gfz2013crnj_EV,UGM,GE,4.5,34.90024237760284,15.0,2177,3824,1647,2158,3801,2266,1643,0.1434,0.2270,0.1045,19,23,False,True,False,False,True,True,True,F
GE.UGM..SLE_SLN_SLZ.GE.UGM.SL.gfz2013ttpe_EV,UGM,GE,4.5,11.08343749419242,15.0,2031,3969,1938,2027,4016,2089,1989,0.3185,0.1226,0.1021,4,47,True,True,False,False,True,True,True,F
GE.FAKI..BHE_BHN_BHZ.GE.FAKI.BH.gfz2009aixg_EV,FAKI,GE,4.5,36.6469148367564,15.0,1467,4534,3067,1473,4820,1542,3347,0.3282,0.0983,0.0615,6,286,True,True,False,False,True,True,True,F
GE.FAKI..BLE_BLN_BLZ.GE.FAKI.BL.gfz2009zbqz_EV,FAKI,GE,4.5,48.57699006355738,15.0,1000,8100,7100,1056,,1096,,0.2395,0.0115,0.0923,56,,False,False,False,False,True,False,True,F
GE.FAKI..BLE_BLN_BLZ.GE.FAKI.BL.gfz2012cnkn_EV,FAKI,GE,4.5,15.54075885001592,15.0,1308,4693,3385,1262,4595,1344,3333,0.1747,0.0786,0.0565,46,98,False,False,False,False,True,True,True,F
GE.GSI..SHE_SHN_SHZ.GE.GSI.SH.gfz2021kfyy_EV,GSI,GE,4.5,26.82831748910656,15.0,1767,4233,2466,1755,4291,,2536,0.2623,0.1259,0.0398,12,58,False,True,False,False,True,True,False,F
GE.SMRI..HLE_HLN_HLZ.GE.SMRI.HL.gfz2009boyf_EV,SMRI,GE,4.5,60.793308482915975,15.0,1424,4577,3153,1448,1671,1484,223,0.4333,0.1566,0.5520,24,2906,False,False,False,False,True,True,True,F
GE.TNTI..HLE_HLN_HLZ.GE.TNTI.HL.gfz2009agwc_EV,TNTI,GE,4.5,23.58548316410964,15.0,1000,8357,7357,1000,,1098,,0.3008,0.0069,0.1529,0,,True,True,False,False,True,False,True,F
GE.BKNI..BHE_BHN_BHZ.GE.BKNI.BH.gfz2012gitd_EV,BKNI,GE,4.5,27.546685294571525,15.0,2313,3688,1375,2374,3656,2430,1282,0.3229,0.2165,0.2262,61,32,False,False,False,False,True,True,True,F
GE.SOEI..BLE_BLN_BLZ.GE.SOEI.BL.gfz2025gvra_EV,SOEI,GE,4.5,28.028567164483665,15.0,1000,9939,8939,1046,1205,,159,0.1422,0.0723,0.0474,46,8734,False,False,False,False,True,True,False,F
GE.LHMI..BLE_BLN_BLZ.GE.LHMI.BL.gfz2011kyss_EV,LHMI,GE,4.5,18.896170580686675,15.0,2113,3887,1774,2127,3898,2182,1771,0.3028,0.1715,0.2535,14,11,False,True,False,True,True,True,True,F
GE.TNTI..BHE_BHN_BHZ.GE.TNTI.BH.gfz2009hmmo_EV,TNTI,GE,4.5,49.42818055440767,15.0,1561,4439,2878,1476,,,,0.3372,0.0088,0.0244,85,,False,False,False,False,True,False,False,F
GE.FAKI..HLE_HLN_HLZ.GE.FAKI.HL.gfz2009ewtf_EV,FAKI,GE,4.5,45.59225141279782,15.0,1000,10975,9975,996,,,,0.0502,0.0206,0.0309,4,,True,True,False,False,True,False,False,F
GE.FAKI..HHE_HHN_HHZ.GE.FAKI.HH.gfz2009ayty_EV,FAKI,GE,4.5,32.79112827914984,15.0,1342,4658,3316,1476,4588,1538,3112,0.4029,0.0741,0.1329,134,70,False,False,False,False,True,True,True,F
GE.UGM..BLE_BLN_BLZ.GE.UGM.BL.gfz2009bbud_EV,UGM,GE,4.5,47.06121057265951,15.0,1787,4213,2426,1788,4184,1864,2396,0.2460,0.2028,0.1087,1,29,True,True,False,False,True,True,True,F
GE.UGM..SHE_SHN_SHZ.GE.UGM.SH.gfz2014kwfg_EV,UGM,GE,4.5,53.90900913509889,15.0,2155,3846,1691,2136,3797,2184,1661,0.3402,0.1865,0.0923,19,49,False,True,False,False,True,True,True,F
GE.SAUI..BLE_BLN_BLZ.GE.SAUI.BL.gfz2013tulg_EV,SAUI,GE,4.5,39.91059895764032,15.0,1153,4848,3695,1320,4991,1350,3671,0.2153,0.0538,0.0595,167,143,False,False,False,False,True,True,True,F
GE.UGM..BHE_BHN_BHZ.GE.UGM.BH.gfz2009bjnh_EV,UGM,GE,4.5,40.77048702403899,15.0,1000,24403,23403,529,,1140,,0.0931,0.0224,0.1710,471,,False,False,False,False,True,False,True,F
GE.SANI..BHE_BHN_BHZ.GE.SANI.BH.gfz2011xxju_EV,SANI,GE,4.5,31.84194909183031,15.0,1802,4199,2397,1795,4267,1864,2472,0.3164,0.0946,0.0906,7,68,True,True,False,False,True,True,True,F
GE.FAKI..HLE_HLN_HLZ.GE.FAKI.HL.gfz2009nqxv_EV,FAKI,GE,4.5,50.2795913134169,15.0,1000,5630,4630,890,5692,,4802,0.1343,0.0647,0.0374,110,62,False,False,False,False,True,True,False,F
GE.PLAI..SHE_SHN_SHZ.GE.PLAI.SH.gfz2017culr_EV,PLAI,GE,4.5,57.86624932191111,15.0,2297,3704,1407,2271,3764,2345,1493,0.3003,0.1832,0.2483,26,60,False,False,False,False,True,True,True,F
GE.LUWI..BHE_BHN_BHZ.GE.LUWI.BH.gfz2009floe_EV,LUWI,GE,4.5,25.841186363127687,15.0,1445,4556,3111,1470,4562,1483,3092,0.2711,0.0848,0.0519,25,6,False,False,True,True,True,True,True,F
GE.SANI..SHE_SHN_SHZ.GE.SANI.SH.gfz2013grue_EV,SANI,GE,4.5,69.19512574456807,15.0,1000,11086,10086,628,1338,870,710,0.3171,0.1817,0.1983,372,9748,False,False,False,False,True,True,True,F
GE.FAKI..BLE_BLN_BLZ.GE.FAKI.BL.gfz2009cdlz_EV,FAKI,GE,4.5,49.40897300208742,15.0,1000,5165,4165,999,5312,,4313,0.4007,0.0629,0.0391,1,147,True,True,False,False,True,True,False,F
GE.MMRI..BHE_BHN_BHZ.GE.MMRI.BH.gfz2013ribh_EV,MMRI,GE,4.5,31.50729870793941,15.0,2273,3727,1454,2263,3470,2321,1207,0.3164,0.2455,0.1846,10,257,True,True,False,False,True,True,True,F
GE.LHMI..HLE_HLN_HLZ.GE.LHMI.HL.gfz2009epev_EV,LHMI,GE,4.5,74.48695603281989,15.0,2437,3564,1127,2539,3645,2634,1106,0.3289,0.2060,0.2134,102,81,False,False,False,False,True,True,True,F
GE.TNTI..BLE_BLN_BLZ.GE.TNTI.BL.gfz2009qgjm_EV,TNTI,GE,4.5,14.978788973595671,15.0,2215,3786,1571,2257,3808,2304,1551,0.2831,0.1221,0.2315,42,22,False,False,False,False,True,True,True,F
GE.MMRI..BLE_BLN_BLZ.GE.MMRI.BL.gfz2013hbue_EV,MMRI,GE,4.5,45.82180427070002,15.0,1167,4834,3667,1170,5058,1226,3888,0.0801,0.0823,0.1033,3,224,True,True,False,False,True,True,True,F
GE.JAGI..BLE_BLN_BLZ.GE.JAGI.BL.gfz2009zipp_EV,JAGI,GE,4.5,46.31695197993056,15.0,1000,5121,4121,996,5126,,4130,0.2550,0.1023,0.0401,4,5,True,True,True,True,True,True,False,D
GE.BNDI..BLE_BLN_BLZ.GE.BNDI.BL.gfz2017bxmp_EV,BNDI,GE,4.5,63.30944260617469,15.0,1735,4265,2530,1797,4144,1866,2347,0.3542,0.1784,0.2246,62,121,False,False,False,False,True,True,True,F
GE.GSI..BHE_BHN_BHZ.GE.GSI.BH.gfz2022twah_EV,GSI,GE,4.5,39.535077380070426,15.0,2540,3461,921,2538,3822,2634,1284,0.2182,0.1455,0.2021,2,361,True,True,False,False,True,True,True,F
GE.MMRI..BHE_BHN_BHZ.GE.MMRI.BH.gfz2022sqkl_EV,MMRI,GE,4.5,68.34750284685104,15.0,1245,4756,3511,1295,4685,1350,3390,0.1285,0.1012,0.0912,50,71,False,False,False,False,True,True,True,F
GE.TNTI..HHE_HHN_HHZ.GE.TNTI.HH.gfz2009agwc_EV,TNTI,GE,4.5,48.24309076997927,15.0,1000,8357,7357,999,,1094,,0.3375,0.0143,0.0962,1,,True,True,False,False,True,False,True,F
GE.MNAI..SHE_SHN_SHZ.GE.MNAI.SH.gfz2021lyjz_EV,MNAI,GE,4.5,20.21169846763575,15.0,2581,3420,839,2592,3415,2664,823,0.2964,0.4109,0.2212,11,5,False,True,True,True,True,True,True,F
GE.FAKI..HLE_HLN_HLZ.GE.FAKI.HL.gfz2009aczt_EV,FAKI,GE,4.5,26.93611854987505,15.0,1000,13138,12138,900,1079,944,179,0.1304,0.2218,0.1041,100,12059,False,False,False,False,True,True,True,F
GE.FAKI..BHE_BHN_BHZ.GE.FAKI.BH.gfz2010kolf_EV,FAKI,GE,4.5,37.7358910132853,15.0,1000,8220,7220,999,,,,0.4201,0.0104,0.0460,1,,True,True,False,False,True,False,False,F
GE.LUWI..SHE_SHN_SHZ.GE.LUWI.SH.gfz2024hdte_EV,LUWI,GE,4.5,21.764215981971127,15.0,1000,10475,9475,900,1538,1094,638,0.5821,0.2002,0.4918,100,8937,False,False,False,False,True,True,True,F
GE.SOEI..HHE_HHN_HHZ.GE.SOEI.HH.gfz2009rpju_EV,SOEI,GE,4.5,25.61647913008576,15.0,1000,10618,9618,1000,,1100,,0.2919,0.0117,0.2036,0,,True,True,False,False,True,False,True,F
GE.PLAI..BHE_BHN_BHZ.GE.PLAI.BH.gfz2014esmj_EV,PLAI,GE,4.5,66.3514506346236,15.0,1394,4607,3213,1336,4449,1422,3113,0.2528,0.1295,0.1206,58,158,False,False,False,False,True,True,True,F
GE.PLAI..SHE_SHN_SHZ.GE.PLAI.SH.gfz2022sqkl_EV,PLAI,GE,4.5,46.43952140520257,15.0,1954,4046,2092,1965,4066,1994,2101,0.2507,0.1693,0.1592,11,20,False,True,False,True,True,True,True,F
GE.FAKI..BLE_BLN_BLZ.GE.FAKI.BL.gfz2009ayty_EV,FAKI,GE,4.5,65.38162875412384,15.0,1342,4658,3316,1476,,1538,,0.5340,0.0453,0.0831,134,,False,False,False,False,True,False,True,F
GE.PMBI..BLE_BLN_BLZ.GE.PMBI.BL.gfz2011swwe_EV,PMBI,GE,4.5,30.68494356663369,15.0,1664,4337,2673,1649,1891,1705,242,0.5418,0.0804,0.5621,15,2446,False,True,False,False,True,True,True,F
GE.UGM..BLE_BLN_BLZ.GE.UGM.BL.gfz2010bjpa_EV,UGM,GE,4.5,49.9116495076911,15.0,1142,4858,3716,1200,4845,1226,3645,0.1305,0.0515,0.0624,58,13,False,False,False,True,True,True,True,F
GE.TNTI..HHE_HHN_HHZ.GE.TNTI.HH.gfz2009algf_EV,TNTI,GE,4.5,18.792864265588733,15.0,2137,3863,1726,2137,4034,2215,1897,0.3527,0.1620,0.1934,0,171,True,True,False,False,True,True,True,F
GE.TNTI..BHE_BHN_BHZ.GE.TNTI.BH.gfz2020iwiv_EV,TNTI,GE,4.5,41.49404717602373,15.0,2291,3710,1419,2330,3712,2378,1382,0.1732,0.1281,0.2464,39,2,False,False,True,True,True,True,True,F
GE.TNTI..SHE_SHN_SHZ.GE.TNTI.SH.gfz2014hjch_EV,TNTI,GE,4.5,60.85384131127537,15.0,2277,3723,1446,2257,3598,2308,1341,0.2067,0.1617,0.2118,20,125,False,True,False,False,True,True,True,F
GE.LUWI..BLE_BLN_BLZ.GE.LUWI.BL.gfz2012rszr_EV,LUWI,GE,4.5,33.05960738618215,15.0,1341,4660,3319,,4731,,,0.0486,0.0634,0.0312,,71,False,False,False,False,False,True,False,F
GE.GSI..BHE_BHN_BHZ.GE.GSI.BH.gfz2022gjiw_EV,GSI,GE,4.5,71.22204118496259,15.0,1795,4205,2410,1762,4049,1856,2287,0.2123,0.1105,0.1140,33,156,False,False,False,False,True,True,True,F
GE.TOLI2..SHE_SHN_SHZ.GE.TOLI2.SH.gfz2025bymb_EV,TOLI2,GE,4.5,53.478400904809575,15.0,2394,3607,1213,2410,3721,2506,1311,0.2257,0.2261,0.2069,16,114,False,True,False,False,True,True,True,F
GE.SOEI..BLE_BLN_BLZ.GE.SOEI.BL.gfz2025dcky_EV,SOEI,GE,4.5,50.13609705933455,15.0,1000,9361,8361,1000,,1041,,0.6072,0.0082,0.1714,0,,True,True,False,False,True,False,True,F
GE.TNTI..BHE_BHN_BHZ.GE.TNTI.BH.gfz2017ayqr_EV,TNTI,GE,4.5,40.13454626134111,15.0,2328,3673,1345,2363,3687,2380,1324,0.2155,0.2161,0.2124,35,14,False,False,False,True,True,True,True,F
GE.TNTI..SHE_SHN_SHZ.GE.TNTI.SH.gfz2014jcyq_EV,TNTI,GE,4.5,51.13540088080013,15.0,1000,5235,4235,996,,,,0.2500,0.0281,0.0404,4,,True,True,False,False,True,False,False,F
GE.SAUI..SHE_SHN_SHZ.GE.SAUI.SH.gfz2013aruy_EV,SAUI,GE,4.5,60.65713756920891,15.0,1616,4385,2769,1692,,1736,,0.3728,0.0226,0.1132,76,,False,False,False,False,True,False,True,F
GE.TNTI..BHE_BHN_BHZ.GE.TNTI.BH.gfz2009czsb_EV,TNTI,GE,4.5,69.21137998752731,15.0,1223,4778,3555,1298,,1354,,0.1922,0.0198,0.1348,75,,False,False,False,False,True,False,True,F
GE.PLAI..BHE_BHN_BHZ.GE.PLAI.BH.gfz2019usec_EV,PLAI,GE,4.5,20.04867516827917,15.0,2390,3611,1221,2385,3602,2430,1217,0.3552,0.1873,0.1943,5,9,True,True,True,True,True,True,True,D
GE.GSI..BHE_BHN_BHZ.GE.GSI.BH.gfz2009cktz_EV,GSI,GE,4.5,39.07685127544789,15.0,1925,4076,2151,1966,4089,1994,2123,0.1894,0.1095,0.1628,41,13,False,False,False,True,True,True,True,F
GE.MNAI..HLE_HLN_HLZ.GE.MNAI.HL.gfz2009mwyd_EV,MNAI,GE,4.5,47.67012386613352,15.0,1613,4388,2775,1642,4295,1682,2653,0.2388,0.1684,0.0635,29,93,False,False,False,False,True,True,True,F
GE.FAKI..BLE_BLN_BLZ.GE.FAKI.BL.gfz2009agmj_EV,FAKI,GE,4.5,41.98777123021898,15.0,1411,4590,3179,1475,4678,1608,3203,0.2441,0.1086,0.1206,64,88,False,False,False,False,True,True,True,F
GE.FAKI..SHE_SHN_SHZ.GE.FAKI.SH.gfz2014fbzr_EV,FAKI,GE,4.5,30.83522721535407,15.0,1507,4493,2986,1476,4432,1610,2956,0.2914,0.0967,0.1208,31,61,False,False,False,False,True,True,True,F
GE.UGM..BLE_BLN_BLZ.GE.UGM.BL.gfz2012uneo_EV,UGM,GE,4.5,31.98266298021633,15.0,1102,4899,3797,1087,4898,1218,3811,0.0785,0.0793,0.0637,15,1,False,True,True,True,True,True,True,F
GE.SAUI..BHE_BHN_BHZ.GE.SAUI.BH.gfz2016mcqf_EV,SAUI,GE,4.5,59.61579380541451,15.0,1868,4133,2265,1820,,,,0.2178,0.0443,0.0399,48,,False,False,False,False,True,False,False,F
GE.MMRI..BHE_BHN_BHZ.GE.MMRI.BH.gfz2009efga_EV,MMRI,GE,4.5,49.73778817476396,15.0,1000,9775,8775,528,,,,0.1117,0.0055,0.0454,472,,False,False,False,False,True,False,False,F
GE.BBJI..BLE_BLN_BLZ.GE.BBJI.BL.gfz2018bubc_EV,BBJI,GE,4.5,50.89171651739744,15.0,2038,3963,1925,2025,3970,2112,1945,0.2618,0.1607,0.1048,13,7,False,True,True,True,True,True,True,F
GE.PLAI..BLE_BLN_BLZ.GE.PLAI.BL.gfz2013sril_EV,PLAI,GE,4.5,38.0471988577448,15.0,1723,4278,2555,1792,4289,1864,2497,0.2459,0.1110,0.1871,69,11,False,False,False,True,True,True,True,F
GE.SANI..BHE_BHN_BHZ.GE.SANI.BH.gfz2013nflx_EV,SANI,GE,4.5,25.268877522846307,15.0,1000,8963,7963,999,,1063,,0.5665,0.0356,0.1163,1,,True,True,False,False,True,False,True,F
GE.PLAI..SHE_SHN_SHZ.GE.PLAI.SH.gfz2025bmwa_EV,PLAI,GE,4.5,58.1301649674354,15.0,1884,4116,2232,1863,4102,1922,2239,0.2981,0.1133,0.1362,21,14,False,False,False,True,True,True,True,F
GE.MMRI..BHE_BHN_BHZ.GE.MMRI.BH.gfz2009ilut_EV,MMRI,GE,4.5,32.84853278564863,15.0,1000,9477,8477,998,2750,1096,1752,0.3447,0.0837,0.2539,2,6727,True,True,False,False,True,True,True,F
GE.GSI..BLE_BLN_BLZ.GE.GSI.BL.gfz2016rfim_EV,GSI,GE,4.5,8.812740881760284,15.0,2217,3784,1567,2244,3893,2304,1649,0.1854,0.2134,0.2084,27,109,False,False,False,False,True,True,True,F
GE.BBJI..BHE_BHN_BHZ.GE.BBJI.BH.gfz2024xqwc_EV,BBJI,GE,4.5,51.28537295423976,15.0,2475,3525,1050,2494,3528,2556,1034,0.2549,0.2725,0.2067,19,3,False,True,True,True,True,True,True,F
GE.TNTI..HLE_HLN_HLZ.GE.TNTI.HL.gfz2009waho_EV,TNTI,GE,4.5,59.943376608115685,15.0,1605,4396,2791,1637,4416,1668,2779,0.1682,0.1233,0.0979,32,20,False,False,False,True,True,True,True,F
GE.TNTI..BHE_BHN_BHZ.GE.TNTI.BH.gfz2009eqqh_EV,TNTI,GE,4.5,17.622028191694394,15.0,2410,3591,1181,2416,3578,2504,1162,0.3210,0.2034,0.4001,6,13,True,True,False,True,True,True,True,F
GE.JAGI..BHE_BHN_BHZ.GE.JAGI.BH.gfz2009ruvn_EV,JAGI,GE,4.5,53.06316233909908,15.0,1000,5303,4303,1000,5300,1096,4300,0.2556,0.1026,0.0739,0,3,True,True,True,True,True,True,True,D
GE.JAGI..HHE_HHN_HHZ.GE.JAGI.HH.gfz2009bkhv_EV,JAGI,GE,4.5,53.27928339579091,15.0,1589,4412,2823,1615,4402,1666,2787,0.2800,0.1364,0.0827,26,10,False,False,True,True,True,True,True,F
GE.TNTI..BHE_BHN_BHZ.GE.TNTI.BH.gfz2024fmvg_EV,TNTI,GE,4.5,6.787935639345535,15.0,2299,3702,1403,2327,3761,2380,1434,0.1595,0.1490,0.2083,28,59,False,False,False,False,True,True,True,F
GE.SAUI..BLE_BLN_BLZ.GE.SAUI.BL.gfz2020iiaf_EV,SAUI,GE,4.5,34.65232307797692,15.0,2046,3955,1909,2137,4331,,2194,0.1628,0.0600,0.0462,91,376,False,False,False,False,True,True,False,F
GE.PLAI..SLE_SLN_SLZ.GE.PLAI.SL.gfz2019qkjz_EV,PLAI,GE,4.5,43.957968347645306,15.0,2252,3748,1496,2263,3785,2324,1522,0.3859,0.2682,0.2176,11,37,False,True,False,False,True,True,True,F
GE.BNDI..SHE_SHN_SHZ.GE.BNDI.SH.gfz2009yode_EV,BNDI,GE,4.5,19.452568735864084,15.0,1821,4180,2359,1821,4322,1984,2501,0.2424,0.0762,0.1052,0,142,True,True,False,False,True,True,True,F
GE.UGM..BHE_BHN_BHZ.GE.UGM.BH.gfz2010teou_EV,UGM,GE,4.5,53.022879380229135,15.0,1000,5811,4811,1000,5822,,4822,0.1797,0.0732,0.0395,0,11,True,True,False,True,True,True,False,F
GE.SAUI..BLE_BLN_BLZ.GE.SAUI.BL.gfz2009sufe_EV,SAUI,GE,4.5,39.48127118237388,15.0,1902,4098,2196,1968,4543,1992,2575,0.1604,0.1092,0.0817,66,445,False,False,False,False,True,True,True,F
GE.GSI..SHE_SHN_SHZ.GE.GSI.SH.gfz2012nrpy_EV,GSI,GE,4.5,47.49058224372138,15.0,1000,9273,8273,1000,,1092,,0.1800,0.0259,0.1112,0,,True,True,False,False,True,False,True,F
GE.SMRI..BHE_BHN_BHZ.GE.SMRI.BH.gfz2018hcuv_EV,SMRI,GE,4.5,54.40359748858593,15.0,1740,4261,2521,1753,4291,,2538,0.1960,0.1046,0.0324,13,30,False,True,False,False,True,True,False,F
GE.TNTI..BLE_BLN_BLZ.GE.TNTI.BL.gfz2009dijd_EV,TNTI,GE,4.5,48.696576994638754,15.0,1825,4176,2351,1860,4227,1930,2367,0.3011,0.0522,0.1391,35,51,False,False,False,False,True,True,True,F
GE.SANI..BLE_BLN_BLZ.GE.SANI.BL.gfz2015thvg_EV,SANI,GE,4.5,51.95229577614121,15.0,1224,4776,3552,1200,4804,1226,3604,0.1437,0.0533,0.0739,24,28,False,False,False,False,True,True,True,F
GE.TNTI..BLE_BLN_BLZ.GE.TNTI.BL.gfz2010abbl_EV,TNTI,GE,4.5,53.7754271285266,15.0,2129,3871,1742,2129,4188,2178,2059,0.3103,0.0866,0.1053,0,317,True,True,False,False,True,True,True,F
GE.FAKI..BHE_BHN_BHZ.GE.FAKI.BH.gfz2009oubh_EV,FAKI,GE,4.5,56.69302027748453,15.0,1000,8632,7632,996,,1032,,0.3575,0.0070,0.1449,4,,True,True,False,False,True,False,True,F
GE.TNTI..BHE_BHN_BHZ.GE.TNTI.BH.gfz2009eavu_EV,TNTI,GE,4.5,47.08354721539714,15.0,1000,8073,7073,1189,,1222,,0.1254,0.0090,0.0980,189,,False,False,False,False,True,False,True,F
GE.TNTI..BHE_BHN_BHZ.GE.TNTI.BH.gfz2016mexu_EV,TNTI,GE,4.5,23.59977708264201,15.0,2544,3457,913,2593,3626,2636,1033,0.2986,0.1919,0.2135,49,169,False,False,False,False,True,True,True,F
GE.UGM..SHE_SHN_SHZ.GE.UGM.SH.gfz2015kylx_EV,UGM,GE,4.5,49.26183036730687,15.0,1947,4053,2106,1927,3935,1994,2008,0.2037,0.0970,0.1742,20,118,False,True,False,False,True,True,True,F
GE.UGM..BLE_BLN_BLZ.GE.UGM.BL.gfz2009boyf_EV,UGM,GE,4.5,32.6249014255432,15.0,1486,4515,3029,1475,4466,1552,2991,0.5346,0.0578,0.1425,11,49,False,True,False,False,True,True,True,F
GE.FAKI..SHE_SHN_SHZ.GE.FAKI.SH.gfz2024quvs_EV,FAKI,GE,4.5,37.0226230349028,15.0,1000,8616,7616,999,,1098,,0.4539,0.0062,0.1547,1,,True,True,False,False,True,False,True,F
GE.FAKI..BHE_BHN_BHZ.GE.FAKI.BH.gfz2009rhsi_EV,FAKI,GE,4.5,59.26147889071614,15.0,1000,5016,4016,1001,5052,1096,4051,0.1434,0.0893,0.0653,1,36,True,True,False,False,True,True,True,F
GE.BNDI..BHE_BHN_BHZ.GE.BNDI.BH.gfz2025fwkg_EV,BNDI,GE,4.5,42.51289562157316,15.0,1736,4264,2528,1702,,1738,,0.1254,0.0493,0.1143,34,,False,False,False,False,True,False,True,F
GE.FAKI..BLE_BLN_BLZ.GE.FAKI.BL.gfz2013avzn_EV,FAKI,GE,4.5,52.863021295410455,15.0,1000,5373,4373,997,5435,,4438,0.3847,0.0930,0.0259,3,62,True,True,False,False,True,True,False,F
GE.FAKI..HLE_HLN_HLZ.GE.FAKI.HL.gfz2009blcy_EV,FAKI,GE,4.5,57.214012061587866,15.0,1548,4453,2905,1475,4451,1610,2976,0.2384,0.1174,0.1968,73,2,False,False,True,True,True,True,True,F
GE.GSI..BHE_BHN_BHZ.GE.GSI.BH.gfz2025cdqz_EV,GSI,GE,4.5,40.07687908773448,15.0,1961,4039,2078,1984,4401,1994,2417,0.1804,0.1383,0.0932,23,362,False,False,False,False,True,True,True,F
GE.TNTI..BHE_BHN_BHZ.GE.TNTI.BH.gfz2009bmox_EV,TNTI,GE,4.5,49.764486176716,15.0,1987,4014,2027,2021,4013,2065,1992,0.2800,0.1211,0.0574,34,1,False,False,True,True,True,True,True,F
GE.LUWI..BLE_BLN_BLZ.GE.LUWI.BL.gfz2013qwcb_EV,LUWI,GE,4.5,42.4911900806337,15.0,1474,4527,3053,1474,4299,,2825,0.2691,0.0597,0.0328,0,228,True,True,False,False,True,True,False,F
GE.TNTI..HHE_HHN_HHZ.GE.TNTI.HH.gfz2009fgfn_EV,TNTI,GE,4.5,37.31663406483077,15.0,1226,4774,3548,1297,,1352,,0.1688,0.0462,0.0528,71,,False,False,False,False,True,False,True,F
GE.LUWI..BHE_BHN_BHZ.GE.LUWI.BH.gfz2017ukwz_EV,LUWI,GE,4.5,49.966423050722845,15.0,2376,3624,1248,2384,3700,3462,1316,0.2473,0.1290,0.0944,8,76,True,True,False,False,True,True,True,F
GE.PLAI..SHE_SHN_SHZ.GE.PLAI.SH.gfz2017nlxf_EV,PLAI,GE,4.5,39.17915826338494,15.0,2264,3736,1472,2256,3887,2304,1631,0.3943,0.1737,0.2247,8,151,True,True,False,False,True,True,True,F
GE.LUWI..BHE_BHN_BHZ.GE.LUWI.BH.gfz2012widq_EV,LUWI,GE,4.5,32.288551468815754,15.0,1891,4109,2218,1926,4083,1996,2157,0.1931,0.0858,0.0792,35,26,False,False,False,False,True,True,True,F
GE.MNAI..BLE_BLN_BLZ.GE.MNAI.BL.gfz2013uvlo_EV,MNAI,GE,4.5,55.933364400735805,15.0,1000,5635,4635,999,2058,1036,1059,0.5530,0.2278,0.4051,1,3577,True,True,False,False,True,True,True,F
GE.MMRI..SHE_SHN_SHZ.GE.MMRI.SH.gfz2012rbpj_EV,MMRI,GE,4.5,25.43466759005757,15.0,1000,10204,9204,999,,1088,,0.4323,0.0075,0.1797,1,,True,True,False,False,True,False,True,F
GE.UGM..SHE_SHN_SHZ.GE.UGM.SH.gfz2012cipp_EV,UGM,GE,4.5,62.806214363715625,15.0,2152,3848,1696,2137,3872,2219,1735,0.2932,0.1420,0.0842,15,24,False,True,False,False,True,True,True,F
GE.GSI..SHE_SHN_SHZ.GE.GSI.SH.gfz2016rfim_EV,GSI,GE,4.5,52.72567203263802,15.0,2217,3784,1567,2259,3896,2312,1637,0.2143,0.2176,0.1954,42,112,False,False,False,False,True,True,True,F
GE.SANI..SHE_SHN_SHZ.GE.SANI.SH.gfz2010ghiq_EV,SANI,GE,4.5,44.18527385540805,15.0,1000,9709,8709,999,,1096,,0.3817,0.0169,0.2100,1,,True,True,False,False,True,False,True,F
GE.FAKI..BHE_BHN_BHZ.GE.FAKI.BH.gfz2018qtuf_EV,FAKI,GE,4.5,26.813569430880296,15.0,1536,4464,2928,1475,4462,1602,2987,0.4034,0.0820,0.1006,61,2,False,False,True,True,True,True,True,F
GE.TOLI2..SHE_SHN_SHZ.GE.TOLI2.SH.gfz2014iwpt_EV,TOLI2,GE,4.5,62.839244213631936,15.0,1420,4581,3161,1131,4472,,3341,0.0544,0.1534,0.0493,289,109,False,False,False,False,True,True,False,F
GE.BNDI..BHE_BHN_BHZ.GE.BNDI.BH.gfz2025dcky_EV,BNDI,GE,4.5,56.87573049705944,15.0,1354,4647,3293,1335,5965,,4630,0.1665,0.0819,0.0829,19,1318,False,True,False,False,True,True,False,F
GE.FAKI..BLE_BLN_BLZ.GE.FAKI.BL.gfz2010abkc_EV,FAKI,GE,4.5,29.868880270935968,15.0,1000,5815,4815,1000,,,,0.2585,0.0398,0.0337,0,,True,True,False,False,True,False,False,F
GE.GSI..BHE_BHN_BHZ.GE.GSI.BH.gfz2012hidg_EV,GSI,GE,4.5,40.30785251369058,15.0,1912,4089,2177,1820,4306,1984,2486,0.1661,0.1082,0.0978,92,217,False,False,False,False,True,True,True,F
GE.SOEI..BLE_BLN_BLZ.GE.SOEI.BL.gfz2014mnzy_EV,SOEI,GE,4.5,51.38949299172568,15.0,2149,3851,1702,2141,4237,2240,2096,0.2367,0.0721,0.1087,8,386,True,True,False,False,True,True,True,F
GE.FAKI..HLE_HLN_HLZ.GE.FAKI.HL.gfz2009byjb_EV,FAKI,GE,4.5,47.49325171802651,15.0,1000,5194,4194,999,5205,,4206,0.3997,0.1107,0.0423,1,11,True,True,False,True,True,True,False,F
GE.MNAI..BLE_BLN_BLZ.GE.MNAI.BL.gfz2020wrfa_EV,MNAI,GE,4.5,64.2383272246173,15.0,2532,3468,936,2514,3473,2566,959,0.3298,0.2314,0.2209,18,5,False,True,True,True,True,True,True,F
GE.JAGI..BLE_BLN_BLZ.GE.JAGI.BL.gfz2023qwer_EV,JAGI,GE,4.5,41.81693177272776,15.0,1000,8565,7565,999,,1063,,0.5872,0.0069,0.3321,1,,True,True,False,False,True,False,True,F
GE.PLAI..SHE_SHN_SHZ.GE.PLAI.SH.gfz2025ghay_EV,PLAI,GE,4.5,41.772569901091146,15.0,2105,3896,1791,2108,3921,2124,1813,0.2842,0.1882,0.1968,3,25,True,True,False,False,True,True,True,F
GE.MNAI..SHE_SHN_SHZ.GE.MNAI.SH.gfz2009xyqn_EV,MNAI,GE,4.5,22.10982632063576,15.0,2458,3543,1085,2520,3545,3560,1025,0.3158,0.3492,0.1674,62,2,False,False,True,True,True,True,True,F
GE.JAGI..HHE_HHN_HHZ.GE.JAGI.HH.gfz2009bjnh_EV,JAGI,GE,4.5,18.663101355740217,15.0,1000,20541,19541,1170,,1224,,0.1287,0.0179,0.2033,170,,False,False,False,False,True,False,True,F
GE.BNDI..BLE_BLN_BLZ.GE.BNDI.BL.gfz2010ghiq_EV,BNDI,GE,4.5,58.50095489782987,15.0,1670,4330,2660,1649,4601,1738,2952,0.4250,0.0522,0.1705,21,271,False,False,False,False,True,True,True,F
GE.JAGI..SHE_SHN_SHZ.GE.JAGI.SH.gfz2024wupd_EV,JAGI,GE,4.5,50.827621514120985,15.0,1000,10182,9182,998,,,,0.4029,0.0070,0.0277,2,,True,True,False,False,True,False,False,F
GE.TNTI..BLE_BLN_BLZ.GE.TNTI.BL.gfz2009sidp_EV,TNTI,GE,4.5,9.172633332486782,15.0,2032,3969,1937,2139,3966,2246,1827,0.1707,0.1212,0.1997,107,3,False,False,True,True,True,True,True,F
GE.FAKI..BHE_BHN_BHZ.GE.FAKI.BH.gfz2012xahl_EV,FAKI,GE,4.5,42.149592031844655,15.0,1331,4669,3338,1334,4674,1426,3340,0.4240,0.0916,0.1625,3,5,True,True,True,True,True,True,True,C
GE.FAKI..HLE_HLN_HLZ.GE.FAKI.HL.gfz2009ennn_EV,FAKI,GE,4.5,34.72768936944482,15.0,1000,5655,4655,1000,5740,1094,4740,0.2285,0.0506,0.0572,0,85,True,True,False,False,True,True,True,F
GE.UGM..HHE_HHN_HHZ.GE.UGM.HH.gfz2009inbh_EV,UGM,GE,4.5,37.24474474119087,15.0,1516,4484,2968,1474,4398,1602,2924,0.3150,0.1167,0.0688,42,86,False,False,False,False,True,True,True,F
GE.UGM..HLE_HLN_HLZ.GE.UGM.HL.gfz2009bbud_EV,UGM,GE,4.5,54.13668073704884,15.0,1787,4213,2426,1795,4181,1864,2386,0.3310,0.1856,0.1209,8,32,True,True,False,False,True,True,True,F
GE.MNAI..SHE_SHN_SHZ.GE.MNAI.SH.gfz2012wvgj_EV,MNAI,GE,4.5,29.5666955801886,15.0,1847,4154,2307,1788,4172,1866,2384,0.2077,0.1792,0.1426,59,18,False,False,False,True,True,True,True,F
GE.PLAI..SHE_SHN_SHZ.GE.PLAI.SH.gfz2012qetk_EV,PLAI,GE,4.5,34.75819953216374,15.0,1000,5070,4070,997,5001,,4004,0.3173,0.0914,0.0419,3,69,True,True,False,False,True,True,False,F
GE.FAKI..BLE_BLN_BLZ.GE.FAKI.BL.gfz2009bjnh_EV,FAKI,GE,4.5,14.91564133813724,15.0,1199,4801,3602,1200,4652,1226,3452,0.1620,0.0918,0.0675,1,149,True,True,False,False,True,True,True,F
GE.MNAI..BLE_BLN_BLZ.GE.MNAI.BL.gfz2009pxkx_EV,MNAI,GE,4.5,49.21578949418792,15.0,1096,4905,3809,,,,,0.0331,0.0384,0.0208,,,False,False,False,False,False,False,False,F
GE.UGM..SLE_SLN_SLZ.GE.UGM.SL.gfz2010cvnw_EV,UGM,GE,4.5,15.161110841294024,15.0,2126,3875,1749,2137,5536,,3399,0.0645,0.0518,0.0126,11,1661,False,True,False,False,True,True,False,F
GE.SANI..BLE_BLN_BLZ.GE.SANI.BL.gfz2025ewvp_EV,SANI,GE,4.5,50.0570494508339,15.0,1000,10172,9172,,,5970,,0.0161,0.0350,0.1011,,,False,False,False,False,False,False,True,F
GE.UGM..BHE_BHN_BHZ.GE.UGM.BH.gfz2010cvnw_EV,UGM,GE,4.5,50.706862130152864,15.0,2126,3875,1749,2116,5550,,3434,0.0598,0.0578,0.0199,10,1675,True,True,False,False,True,True,False,F
GE.LUWI..SHE_SHN_SHZ.GE.LUWI.SH.gfz2013fqap_EV,LUWI,GE,4.5,35.84212928340283,15.0,2225,3776,1551,2225,3776,2250,1551,0.1614,0.2371,0.1723,0,0,True,True,True,True,True,True,True,D
GE.SANI..BLE_BLN_BLZ.GE.SANI.BL.gfz2013ykdd_EV,SANI,GE,4.5,35.827962563903064,15.0,1000,11532,10532,999,,1098,,0.4024,0.0206,0.1725,1,,True,True,False,False,True,False,True,F
GE.BKNI..SHE_SHN_SHZ.GE.BKNI.SH.gfz2019ckqw_EV,BKNI,GE,4.5,28.29641528692645,15.0,2040,3961,1921,1979,3912,1992,1933,0.1011,0.1247,0.0713,61,49,False,False,False,False,True,True,True,F
GE.UGM..SHE_SHN_SHZ.GE.UGM.SH.gfz2014ojjv_EV,UGM,GE,4.5,44.1427264769488,15.0,2053,3948,1895,2078,4030,2124,1952,0.2217,0.0694,0.2034,25,82,False,False,False,False,True,True,True,F
GE.TOLI2..SHE_SHN_SHZ.GE.TOLI2.SH.gfz2024vdim_EV,TOLI2,GE,4.5,50.8668744571121,15.0,1000,11193,10193,998,,1094,,0.3349,0.0097,0.1729,2,,True,True,False,False,True,False,True,F
GE.TNTI..BLE_BLN_BLZ.GE.TNTI.BL.gfz2017sglz_EV,TNTI,GE,4.5,40.596993258651445,15.0,2170,3831,1661,2162,,2242,,0.1686,0.0108,0.0998,8,,True,True,False,False,True,False,True,F
GE.BNDI..BHE_BHN_BHZ.GE.BNDI.BH.gfz2024urkq_EV,BNDI,GE,4.5,56.91092840254949,15.0,1000,8448,7448,1115,,1166,,0.2213,0.0111,0.2347,115,,False,False,False,False,True,False,True,F
GE.FAKI..BLE_BLN_BLZ.GE.FAKI.BL.gfz2010gdlm_EV,FAKI,GE,4.5,45.64241717813184,15.0,1000,5887,4887,1000,,,,0.1801,0.0332,0.0216,0,,True,True,False,False,True,False,False,F
GE.FAKI..HHE_HHN_HHZ.GE.FAKI.HH.gfz2009bjlo_EV,FAKI,GE,4.5,55.12125630622936,15.0,1520,4480,2960,1474,4456,1482,2982,0.3363,0.0776,0.0780,46,24,False,False,False,False,True,True,True,F
GE.LHMI..SHE_SHN_SHZ.GE.LHMI.SH.gfz2010wlnb_EV,LHMI,GE,4.5,29.648235724287822,15.0,1949,4052,2103,1934,4066,1994,2132,0.1813,0.1403,0.0904,15,14,False,True,False,True,True,True,True,F
GE.SANI..BHE_BHN_BHZ.GE.SANI.BH.gfz2013yfsc_EV,SANI,GE,4.5,64.30967163398746,15.0,1000,10540,9540,1000,1904,1063,904,0.7028,0.0597,0.7756,0,8636,True,True,False,False,True,True,True,F
GE.SANI..SHE_SHN_SHZ.GE.SANI.SH.gfz2010occd_EV,SANI,GE,4.5,38.21138755657605,15.0,1000,5024,4024,997,5039,,4042,0.3842,0.0651,0.0239,3,15,True,True,False,True,True,True,False,F
GE.TNTI..BHE_BHN_BHZ.GE.TNTI.BH.gfz2009fgfn_EV,TNTI,GE,4.5,36.99336452062489,15.0,1226,4774,3548,1300,4771,1352,3471,0.2380,0.0614,0.0857,74,3,False,False,True,True,True,True,True,F
GE.LUWI..BHE_BHN_BHZ.GE.LUWI.BH.gfz2012xqdd_EV,LUWI,GE,4.5,50.274104523398,15.0,1000,9250,8250,900,1538,968,638,0.2023,0.0544,0.0912,100,7712,False,False,False,False,True,True,True,F
GE.LUWI..BLE_BLN_BLZ.GE.LUWI.BL.gfz2013fqap_EV,LUWI,GE,4.5,34.31971556471549,15.0,2225,3776,1551,2238,3778,2250,1540,0.1405,0.2255,0.1623,13,2,False,True,True,True,True,True,True,F
GE.FAKI..SHE_SHN_SHZ.GE.FAKI.SH.gfz2014ubqb_EV,FAKI,GE,4.5,6.278507599739989,15.0,1118,4883,3765,1116,4714,1158,3598,0.2198,0.0632,0.0587,2,169,True,True,False,False,True,True,True,F
GE.TOLI2..BHE_BHN_BHZ.GE.TOLI2.BH.gfz2024krts_EV,TOLI2,GE,4.5,49.08623602762031,15.0,1266,4735,3469,1300,4606,1354,3306,0.2611,0.0711,0.1670,34,129,False,False,False,False,True,True,True,F
GE.TNTI..SHE_SHN_SHZ.GE.TNTI.SH.gfz2016mexu_EV,TNTI,GE,4.5,45.9314655184359,15.0,2544,3457,913,2595,3631,2692,1036,0.3856,0.1957,0.2142,51,174,False,False,False,False,True,True,True,F
GE.FAKI..SHE_SHN_SHZ.GE.FAKI.SH.gfz2009yode_EV,FAKI,GE,4.5,40.783482724056896,15.0,1535,4466,2931,1476,4475,1608,2999,0.3263,0.0745,0.1348,59,9,False,False,True,True,True,True,True,F
GE.TNTI..BLE_BLN_BLZ.GE.TNTI.BL.gfz2012rrwm_EV,TNTI,GE,4.5,31.94058383903653,15.0,1587,4413,2826,1172,4646,,3474,0.0579,0.0652,0.0356,415,233,False,False,False,False,True,True,False,F
